<?xml version="1.0" encoding="UTF-8"?>
<project-private xmlns="http://www.netbeans.org/ns/project-private/1">
    <editor-bookmarks xmlns="http://www.netbeans.org/ns/editor-bookmarks/1"/>
    <open-files xmlns="http://www.netbeans.org/ns/projectui-open-files/1">
        <file>file:/E:/NB%20Projects/MyMyOwnGenericClass/src/MyOwnGenericClass.java</file>
        <file>file:/E:/NB%20Projects/MyMyOwnGenericClass/src/Pair.java</file>
        <file>file:/E:/NB%20Projects/MyMyOwnGenericClass/src/PairExtended.java</file>
        <file>file:/E:/NB%20Projects/MyMyOwnGenericClass/src/PairExtendedAgain.java</file>
    </open-files>
</project-private>
